<?xml version="1.0" encoding="UTF-8"?>
<project xmlns="http://maven.apache.org/POM/4.0.0" xmlns:xsi="http://www.w3.org/2001/XMLSchema-instance" xsi:schemaLocation="http://maven.apache.org/POM/4.0.0 http://maven.apache.org/maven-v4_0_0.xsd">
  <modelVersion>4.0.0</modelVersion>
  <groupId>me.Laemedir</groupId>
  <artifactId>character</artifactId>
  <name>character</name>
  <version>0.1</version>
  <build>
    <defaultGoal>clean package</defaultGoal>
    <resources>
      <resource>
        <filtering>true</filtering>
        <directory>src/main/resources</directory>
      </resource>
    </resources>
    <plugins>
      <plugin>
        <artifactId>maven-compiler-plugin</artifactId>
        <version>3.13.0</version>
        <configuration>
          <source>21</source>
          <target>21</target>
          <compilerArgs>--enable-preview</compilerArgs>
        </configuration>
      </plugin>
      <plugin>
        <artifactId>maven-shade-plugin</artifactId>
        <version>3.5.3</version>
        <executions>
          <execution>
            <phase>package</phase>
            <goals>
              <goal>shade</goal>
            </goals>
          </execution>
        </executions>
      </plugin>
    </plugins>
  </build>
  <repositories>
    <repository>
      <id>papermc-repo</id>
      <url>https://repo.papermc.io/repository/maven-public/</url>
    </repository>
    <repository>
      <id>sonatype</id>
      <url>https://oss.sonatype.org/content/groups/public/</url>
    </repository>
    <repository>
      <id>md5-repo</id>
      <url>https://repo.md-5.net/content/repositories/public/</url>
    </repository>
    <repository>
      <id>md_5-public</id>
      <url>https://repo.md-5.net/content/groups/public/</url>
    </repository>
  </repositories>
  <dependencies>
    <dependency>
      <groupId>io.papermc.paper</groupId>
      <artifactId>paper-api</artifactId>
      <version>1.21.1-R0.1-SNAPSHOT</version>
      <scope>provided</scope>
    </dependency>
    <dependency>
      <groupId>me.libraryaddict.disguises</groupId>
      <artifactId>libsdisguises</artifactId>
      <version>11.0.0</version>
      <scope>provided</scope>
    </dependency>
  </dependencies>
  <properties>
    <java.version>21</java.version>
    <project.build.sourceEncoding>UTF-8</project.build.sourceEncoding>
  </properties>
</project>
